Gender,Test,TestResult,Treatment,Dose ,Course,Observation,Recur
Female,Quantitative Test,Test normal,Tafenoquine,.,.,.,Recurrence
Female,Quantitative Test,Test normal,Tafenoquine,.,.,.,No Recurrence
Female,Quantitative Test,Test intermediate,Primaquine,Standard dose,7 days,Supervised,Recurrence
Female,Quantitative Test,Test intermediate,Primaquine,Standard dose,7 days,Supervised,No Recurrence
Female,Quantitative Test,Test severe,Primaquine,Weekly dose,8 weeks,Supervised,Recurrence
Female,Quantitative Test,Test severe,Primaquine,Weekly dose,8 weeks,Supervised,No Recurrence
Male,Quantitative Test,Test normal,Tafenoquine,.,.,.,Recurrence
Male,Quantitative Test,Test normal,Tafenoquine,.,.,.,No Recurrence
Male,Quantitative Test,Test severe,Primaquine,Weekly dose,8 weeks,Supervised,Recurrence
Male,Quantitative Test,Test severe,Primaquine,Weekly dose,8 weeks,Supervised,No Recurrence
