Gender,Test,TestResult,Treatment,Dose,Course,Observation,Recur
Female,Quantitative Test,Test normal,Primaquine,Standard dose,7 days,Unsupervised,Recurrence
Female,Quantitative Test,Test normal,Primaquine,Standard dose,7 days,Unsupervised,No Recurrence
Female,Quantitative Test,Test intermediate,Primaquine,Standard dose,7 days,Unsupervised,Recurrence
Female,Quantitative Test,Test intermediate,Primaquine,Standard dose,7 days,Unsupervised,No Recurrence
Female,Quantitative Test,Test severe,Primaquine,Weekly dose,8 weeks,Unsupervised,Recurrence
Female,Quantitative Test,Test severe,Primaquine,Weekly dose,8 weeks,Unsupervised,No Recurrence
Male,Quantitative Test,Test normal,Primaquine,Standard dose,7 days,Unsupervised,Recurrence
Male,Quantitative Test,Test normal,Primaquine,Standard dose,7 days,Unsupervised,No Recurrence
Male,Quantitative Test,Test severe,Primaquine,Weekly dose,8 weeks,Unsupervised,Recurrence
Male,Quantitative Test,Test severe,Primaquine,Weekly dose,8 weeks,Unsupervised,No Recurrence
